Workbook

Sheet Dashboard
A1: Progress Dashboard
A3: Total Training Days (6 months) | B3: =COUNTIF('6-Month Calendar'!C4:C185,"<>Rest") -> 156
A4: Total Rest Days | B4: =COUNTIF('6-Month Calendar'!C4:C185,"Rest") -> 26
A5: Sessions Completed (Yes) | B5: =COUNTIF('6-Month Calendar'!F4:F185,"Yes") -> 1
A6: Sessions Missed (No) | B6: =COUNTIF('6-Month Calendar'!F4:F185,"No") -> 1
A7: Completion Rate | B7: =IFERROR(B5/B3,0) -> 0.0064102564
A8: Push Days Total | B8: =COUNTIF('6-Month Calendar'!C4:C185,"Push") -> 52
A9: Pull Days Total | B9: =COUNTIF('6-Month Calendar'!C4:C185,"Pull") -> 52
A10: Legs Days Total | B10: =COUNTIF('6-Month Calendar'!C4:C185,"Legs") -> 51

Sheet Plan (PPL Template)
A1: 6-Day PPL Template (Reference)
A3: Day Type | B3: Exercises | C3: Muscle Focus
A4: Push | B4: 1. Incline Barbell Press - 4x8-10 2. Incline DB Press - 4x10 3. Low-to-High Cable Crossover - 4x15 4. Close Grip Bench Press - 4x8-10 5. Overhead Cable Tricep Extension - 4x10-12 6. Rope Pushdown - 4x12-15 | C4: Upper Chest (priority), Triceps - long head + lateral head
A5: Pull | B5: 1. Pull-Ups (weighted/assisted) - 4xMax 2. Wide Grip Lat Pulldown - 4-5x8-15 3. Seated Cable Row (close grip) - 4x10 4. Face Pulls - 4x20 (NON-NEGOTIABLE) 5. Barbell Curl - 4x8-15 6. Reverse Barbell Curl / Wrist Curl - 3x12-20 | C5: Lat Width, Back Thickness, Rear Delts/Posture, Biceps, Forearms
A6: Legs | B6: 1. Barbell Squat - 4x10 2. Leg Press - 4x12 3. Romanian Deadlift - 4x10 4. Standing Calf Raise - 3x20 5. Seated DB Shoulder Press - 4x10 6. Cable Lateral Raise + Reverse Pec Deck - 4x15-20 (NON-NEGOTIABLE) 7. Hanging Leg Raise + Plank - 3x12 / 45s | C6: Quads, Hamstrings, Calves, Shoulders (medial+posterior delt), Core
A7: Rest | B7: Rest Day - Recovery, mobility, sleep, magnesium at night | C7: Recovery

Sheet 6-Month Calendar
A1: Training Calendar - 6 Months (Mon-Sat PPL x2, Sunday Rest)
A3: Date | B3: Weekday | C3: Day Type | D3: Exercises | E3: Muscle Focus | F3: Completed | G3: Notes
A4: 46188 | B4: =TEXT(A4,"DDDD") -> Monday | C4: =CHOOSE(WEEKDAY(A4,2),"Push","Pull","Legs","Push","Pull","Legs","Rest") -> Push | D4: =VLOOKUP(C4,'Plan (PPL Template)'!A4:C7,2,FALSE()) -> 1. Incline Barbell Press - 4x8-10 2. Incline DB Press - 4x10 3. Low-to-High Cable Crossover - 4x15 4. Close Grip Bench Press - 4x8-10 5. Overhead Cable Tricep Extension - 4x10-12 6. Rope Pushdown - 4x12-15 | E4: =VLOOKUP(C4,'Plan (PPL Template)'!A4:C7,3,FALSE()) -> Upper Chest (priority), Triceps - long head + lateral head | F4: No | G4: I have missed monday because I was in my home and also office was closed that day.
A5: 46189 | B5: =TEXT(A5,"DDDD") -> Tuesday | C5: =CHOOSE(WEEKDAY(A5,2),"Push","Pull","Legs","Push","Pull","Legs","Rest") -> Pull | D5: =VLOOKUP(C5,'Plan (PPL Template)'!A4:C7,2,FALSE()) -> 1. Pull-Ups (weighted/assisted) - 4xMax 2. Wide Grip Lat Pulldown - 4-5x8-15 3. Seated Cable Row (close grip) - 4x10 4. Face Pulls - 4x20 (NON-NEGOTIABLE) 5. Barbell Curl - 4x8-15 6. Reverse Barbell Curl / Wrist Curl - 3x12-20 | E5: =VLOOKUP(C5,'Plan (PPL Template)'!A4:C7,3,FALSE()) -> Lat Width, Back Thickness, Rear Delts/Posture, Biceps, Forearms | F5: Yes | G5: I have done this 5 exercise of back and 3 for biceps ack (Lats & Upper Back) Neutral-Grip Lat Pulldown (Mid Range) Close-Grip Lat Pulldown Neutral-Grip Seated Cable Row Single-Arm Chest-Supported High Row (Overhand Grip) Seated Cable Row Biceps Preacher Curl EZ-Bar Curl (assuming by "Curl Bar" you mean an EZ curl bar) Cheat Hammer Curl (or Assisted Cheat Hammer Curl if you're using slight body momentum)
A6: 46190 | B6: =TEXT(A6,"DDDD") -> Wednesday | C6: SHOULDER + LEG | D6: 1. 45 Degree Leg Press - 4x12. 2. Romanian Deadlift - 4x10. 3. Leg Curl - 3x12. 4. Hanging Leg Raise - 2x12-15. 5. Cable Lateral Raise - 4x15-20. 6. Reverse Pec Fly - 4x15. 7. Shoulder Press Machine - 4x10. 8. DB Lateral Raise Burnout - 2x20-25. 9. Cable Crunches - 3x15-20. 10. Reverse Barbell Curl - 3x12-15. 11. Barbell Wrist Curl - 3x20. 12. Farmers Walk - 3x30sec. | E6: =VLOOKUP(C6,'Plan (PPL Template)'!A4:C7,3,FALSE()) -> #N/A | F6: Yes | G6: 1. Leg curl is is not done yet. 2. Reverse Barbell is pending 3. barbell wrist Curl and farmer walk not done
A7: 46191 | B7: =TEXT(A7,"DDDD") -> Thursday | C7: =CHOOSE(WEEKDAY(A7,2),"Push","Pull","Legs","Push","Pull","Legs","Rest") -> Push | D7: =VLOOKUP(C7,'Plan (PPL Template)'!A4:C7,2,FALSE()) -> 1. Incline Barbell Press - 4x8-10 2. Incline DB Press - 4x10 3. Low-to-High Cable Crossover - 4x15 4. Close Grip Bench Press - 4x8-10 5. Overhead Cable Tricep Extension - 4x10-12 6. Rope Pushdown - 4x12-15 | E7: =VLOOKUP(C7,'Plan (PPL Template)'!A4:C7,3,FALSE()) -> Upper Chest (priority), Triceps - long head + lateral head | F7: Yes | G7: Extra: 1. Decline machine press 2. pec dec fly Instead of close grip bench press Extra for tricepe: rope pull down and ABS 1. cruches
A8: 46192 | B8: =TEXT(A8,"DDDD") -> Friday | C8: =CHOOSE(WEEKDAY(A8,2),"Push","Pull","Legs","Push","Pull","Legs","Rest") -> Pull | D8: =VLOOKUP(C8,'Plan (PPL Template)'!A4:C7,2,FALSE()) -> 1. Pull-Ups (weighted/assisted) - 4xMax 2. Wide Grip Lat Pulldown - 4-5x8-15 3. Seated Cable Row (close grip) - 4x10 4. Face Pulls - 4x20 (NON-NEGOTIABLE) 5. Barbell Curl - 4x8-15 6. Reverse Barbell Curl / Wrist Curl - 3x12-20 | E8: =VLOOKUP(C8,'Plan (PPL Template)'!A4:C7,3,FALSE()) -> Lat Width, Back Thickness, Rear Delts/Posture, Biceps, Forearms | F8: Yes | G8: Extra: 1. Wide pull down 2. supported row 3. vertical row 4. Instead of face pull reverse pec fly Biscape: peacher upported curl z bar supported curl Abs: 1. Hanging leg raise 2. upper abs crunches Forearms: 1. wrist curl 2. weight squzee
A9: 46193 | B9: =TEXT(A9,"DDDD") -> Saturday | C9: =CHOOSE(WEEKDAY(A9,2),"Push","Pull","Legs","Push","Pull","Legs","Rest") -> Legs | D9: =VLOOKUP(C9,'Plan (PPL Template)'!A4:C7,2,FALSE()) -> 1. Barbell Squat - 4x10 2. Leg Press - 4x12 3. Romanian Deadlift - 4x10 4. Standing Calf Raise - 3x20 5. Seated DB Shoulder Press - 4x10 6. Cable Lateral Raise + Reverse Pec Deck - 4x15-20 (NON-NEGOTIABLE) 7. Hanging Leg Raise + Plank - 3x12 / 45s | E9: =VLOOKUP(C9,'Plan (PPL Template)'!A4:C7,3,FALSE()) -> Quads, Hamstrings, Calves, Shoulders (medial+posterior delt), Core | F9: Yes
A10: 46194 | B10: =TEXT(A10,"DDDD") -> Sunday | C10: =CHOOSE(WEEKDAY(A10,2),"Push","Pull","Legs","Push","Pull","Legs","Rest") -> Rest | D10: =VLOOKUP(C10,'Plan (PPL Template)'!A4:C7,2,FALSE()) -> Rest Day - Recovery, mobility, sleep, magnesium at night | E10: =VLOOKUP(C10,'Plan (PPL Template)'!A4:C7,3,FALSE()) -> Recovery
A11: 46195 | B11: =TEXT(A11,"DDDD") -> Monday | C11: =CHOOSE(WEEKDAY(A11,2),"Push","Pull","Legs","Push","Pull","Legs","Rest") -> Push | D11: =VLOOKUP(C11,'Plan (PPL Template)'!A4:C7,2,FALSE()) -> 1. Incline Barbell Press - 4x8-10 2. Incline DB Press - 4x10 3. Low-to-High Cable Crossover - 4x15 4. Close Grip Bench Press - 4x8-10 5. Overhead Cable Tricep Extension - 4x10-12 6. Rope Pushdown - 4x12-15 | E11: =VLOOKUP(C11,'Plan (PPL Template)'!A4:C7,3,FALSE()) -> Upper Chest (priority), Triceps - long head + lateral head | F11: Yes
A12: 46196 | B12: =TEXT(A12,"DDDD") -> Tuesday | C12: =CHOOSE(WEEKDAY(A12,2),"Push","Pull","Legs","Push","Pull","Legs","Rest") -> Pull | D12: =VLOOKUP(C12,'Plan (PPL Template)'!A4:C7,2,FALSE()) -> 1. Pull-Ups (weighted/assisted) - 4xMax 2. Wide Grip Lat Pulldown - 4-5x8-15 3. Seated Cable Row (close grip) - 4x10 4. Face Pulls - 4x20 (NON-NEGOTIABLE) 5. Barbell Curl - 4x8-15 6. Reverse Barbell Curl / Wrist Curl - 3x12-20 | E12: =VLOOKUP(C12,'Plan (PPL Template)'!A4:C7,3,FALSE()) -> Lat Width, Back Thickness, Rear Delts/Posture, Biceps, Forearms | F12: Yes
A13: 46197 | B13: =TEXT(A13,"DDDD") -> Wednesday | C13: =CHOOSE(WEEKDAY(A13,2),"Push","Pull","Legs","Push","Pull","Legs","Rest") -> Legs | D13: =VLOOKUP(C13,'Plan (PPL Template)'!A4:C7,2,FALSE()) -> 1. Barbell Squat - 4x10 2. Leg Press - 4x12 3. Romanian Deadlift - 4x10 4. Standing Calf Raise - 3x20 5. Seated DB Shoulder Press - 4x10 6. Cable Lateral Raise + Reverse Pec Deck - 4x15-20 (NON-NEGOTIABLE) 7. Hanging Leg Raise + Plank - 3x12 / 45s | E13: =VLOOKUP(C13,'Plan (PPL Template)'!A4:C7,3,FALSE()) -> Quads, Hamstrings, Calves, Shoulders (medial+posterior delt), Core | F13: Yes
A14: 46198 | B14: =TEXT(A14,"DDDD") -> Thursday | C14: =CHOOSE(WEEKDAY(A14,2),"Push","Pull","Legs","Push","Pull","Legs","Rest") -> Push | D14: =VLOOKUP(C14,'Plan (PPL Template)'!A4:C7,2,FALSE()) -> 1. Incline Barbell Press - 4x8-10 2. Incline DB Press - 4x10 3. Low-to-High Cable Crossover - 4x15 4. Close Grip Bench Press - 4x8-10 5. Overhead Cable Tricep Extension - 4x10-12 6. Rope Pushdown - 4x12-15 | E14: =VLOOKUP(C14,'Plan (PPL Template)'!A4:C7,3,FALSE()) -> Upper Chest (priority), Triceps - long head + lateral head | F14: Yes
A15: 46199 | B15: =TEXT(A15,"DDDD") -> Friday | C15: =CHOOSE(WEEKDAY(A15,2),"Push","Pull","Legs","Push","Pull","Legs","Rest") -> Pull | D15: =VLOOKUP(C15,'Plan (PPL Template)'!A4:C7,2,FALSE()) -> 1. Pull-Ups (weighted/assisted) - 4xMax 2. Wide Grip Lat Pulldown - 4-5x8-15 3. Seated Cable Row (close grip) - 4x10 4. Face Pulls - 4x20 (NON-NEGOTIABLE) 5. Barbell Curl - 4x8-15 6. Reverse Barbell Curl / Wrist Curl - 3x12-20 | E15: =VLOOKUP(C15,'Plan (PPL Template)'!A4:C7,3,FALSE()) -> Lat Width, Back Thickness, Rear Delts/Posture, Biceps, Forearms | F15: Yes
A16: 46200 | B16: =TEXT(A16,"DDDD") -> Saturday | C16: =CHOOSE(WEEKDAY(A16,2),"Push","Pull","Legs","Push","Pull","Legs","Rest") -> Legs | D16: =VLOOKUP(C16,'Plan (PPL Template)'!A4:C7,2,FALSE()) -> 1. Barbell Squat - 4x10 2. Leg Press - 4x12 3. Romanian Deadlift - 4x10 4. Standing Calf Raise - 3x20 5. Seated DB Shoulder Press - 4x10 6. Cable Lateral Raise + Reverse Pec Deck - 4x15-20 (NON-NEGOTIABLE) 7. Hanging Leg Raise + Plank - 3x12 / 45s | E16: =VLOOKUP(C16,'Plan (PPL Template)'!A4:C7,3,FALSE()) -> Quads, Hamstrings, Calves, Shoulders (medial+posterior delt), Core | F16: Yes
A17: 46201 | B17: =TEXT(A17,"DDDD") -> Sunday | C17: =CHOOSE(WEEKDAY(A17,2),"Push","Pull","Legs","Push","Pull","Legs","Rest") -> Rest | D17: =VLOOKUP(C17,'Plan (PPL Template)'!A4:C7,2,FALSE()) -> Rest Day - Recovery, mobility, sleep, magnesium at night | E17: =VLOOKUP(C17,'Plan (PPL Template)'!A4:C7,3,FALSE()) -> Recovery
A18: 46202 | B18: =TEXT(A18,"DDDD") -> Monday | C18: =CHOOSE(WEEKDAY(A18,2),"Push","Pull","Legs","Push","Pull","Legs","Rest") -> Push | D18: =VLOOKUP(C18,'Plan (PPL Template)'!A4:C7,2,FALSE()) -> 1. Incline Barbell Press - 4x8-10 2. Incline DB Press - 4x10 3. Low-to-High Cable Crossover - 4x15 4. Close Grip Bench Press - 4x8-10 5. Overhead Cable Tricep Extension - 4x10-12 6. Rope Pushdown - 4x12-15 | E18: =VLOOKUP(C18,'Plan (PPL Template)'!A4:C7,3,FALSE()) -> Upper Chest (priority), Triceps - long head + lateral head | F18: Yes
A19: 46203 | B19: =TEXT(A19,"DDDD") -> Tuesday | C19: =CHOOSE(WEEKDAY(A19,2),"Push","Pull","Legs","Push","Pull","Legs","Rest") -> Pull | D19: =VLOOKUP(C19,'Plan (PPL Template)'!A4:C7,2,FALSE()) -> 1. Pull-Ups (weighted/assisted) - 4xMax 2. Wide Grip Lat Pulldown - 4-5x8-15 3. Seated Cable Row (close grip) - 4x10 4. Face Pulls - 4x20 (NON-NEGOTIABLE) 5. Barbell Curl - 4x8-15 6. Reverse Barbell Curl / Wrist Curl - 3x12-20 | E19: =VLOOKUP(C19,'Plan (PPL Template)'!A4:C7,3,FALSE()) -> Lat Width, Back Thickness, Rear Delts/Posture, Biceps, Forearms | F19: Yes
A20: 46204 | B20: =TEXT(A20,"DDDD") -> Wednesday | C20: =CHOOSE(WEEKDAY(A20,2),"Push","Pull","Legs","Push","Pull","Legs","Rest") -> Legs | D20: =VLOOKUP(C20,'Plan (PPL Template)'!A4:C7,2,FALSE()) -> 1. Barbell Squat - 4x10 2. Leg Press - 4x12 3. Romanian Deadlift - 4x10 4. Standing Calf Raise - 3x20 5. Seated DB Shoulder Press - 4x10 6. Cable Lateral Raise + Reverse Pec Deck - 4x15-20 (NON-NEGOTIABLE) 7. Hanging Leg Raise + Plank - 3x12 / 45s | E20: =VLOOKUP(C20,'Plan (PPL Template)'!A4:C7,3,FALSE()) -> Quads, Hamstrings, Calves, Shoulders (medial+posterior delt), Core | F20: Yes
A21: 46205 | B21: =TEXT(A21,"DDDD") -> Thursday | C21: =CHOOSE(WEEKDAY(A21,2),"Push","Pull","Legs","Push","Pull","Legs","Rest") -> Push | D21: =VLOOKUP(C21,'Plan (PPL Template)'!A4:C7,2,FALSE()) -> 1. Incline Barbell Press - 4x8-10 2. Incline DB Press - 4x10 3. Low-to-High Cable Crossover - 4x15 4. Close Grip Bench Press - 4x8-10 5. Overhead Cable Tricep Extension - 4x10-12 6. Rope Pushdown - 4x12-15 | E21: =VLOOKUP(C21,'Plan (PPL Template)'!A4:C7,3,FALSE()) -> Upper Chest (priority), Triceps - long head + lateral head | F21: Yes
A22: 46206 | B22: =TEXT(A22,"DDDD") -> Friday | C22: =CHOOSE(WEEKDAY(A22,2),"Push","Pull","Legs","Push","Pull","Legs","Rest") -> Pull | D22: =VLOOKUP(C22,'Plan (PPL Template)'!A4:C7,2,FALSE()) -> 1. Pull-Ups (weighted/assisted) - 4xMax 2. Wide Grip Lat Pulldown - 4-5x8-15 3. Seated Cable Row (close grip) - 4x10 4. Face Pulls - 4x20 (NON-NEGOTIABLE) 5. Barbell Curl - 4x8-15 6. Reverse Barbell Curl / Wrist Curl - 3x12-20 | E22: =VLOOKUP(C22,'Plan (PPL Template)'!A4:C7,3,FALSE()) -> Lat Width, Back Thickness, Rear Delts/Posture, Biceps, Forearms | F22: Yes
A23: 46207 | B23: =TEXT(A23,"DDDD") -> Saturday | C23: =CHOOSE(WEEKDAY(A23,2),"Push","Pull","Legs","Push","Pull","Legs","Rest") -> Legs | D23: =VLOOKUP(C23,'Plan (PPL Template)'!A4:C7,2,FALSE()) -> 1. Barbell Squat - 4x10 2. Leg Press - 4x12 3. Romanian Deadlift - 4x10 4. Standing Calf Raise - 3x20 5. Seated DB Shoulder Press - 4x10 6. Cable Lateral Raise + Reverse Pec Deck - 4x15-20 (NON-NEGOTIABLE) 7. Hanging Leg Raise + Plank - 3x12 / 45s | E23: =VLOOKUP(C23,'Plan (PPL Template)'!A4:C7,3,FALSE()) -> Quads, Hamstrings, Calves, Shoulders (medial+posterior delt), Core | F23: Yes
A24: 46208 | B24: =TEXT(A24,"DDDD") -> Sunday | C24: =CHOOSE(WEEKDAY(A24,2),"Push","Pull","Legs","Push","Pull","Legs","Rest") -> Rest | D24: =VLOOKUP(C24,'Plan (PPL Template)'!A4:C7,2,FALSE()) -> Rest Day - Recovery, mobility, sleep, magnesium at night | E24: =VLOOKUP(C24,'Plan (PPL Template)'!A4:C7,3,FALSE()) -> Recovery
A25: 46209 | B25: =TEXT(A25,"DDDD") -> Monday | C25: =CHOOSE(WEEKDAY(A25,2),"Push","Pull","Legs","Push","Pull","Legs","Rest") -> Push | D25: =VLOOKUP(C25,'Plan (PPL Template)'!A4:C7,2,FALSE()) -> 1. Incline Barbell Press - 4x8-10 2. Incline DB Press - 4x10 3. Low-to-High Cable Crossover - 4x15 4. Close Grip Bench Press - 4x8-10 5. Overhead Cable Tricep Extension - 4x10-12 6. Rope Pushdown - 4x12-15 | E25: =VLOOKUP(C25,'Plan (PPL Template)'!A4:C7,3,FALSE()) -> Upper Chest (priority), Triceps - long head + lateral head
A26: 46210 | B26: =TEXT(A26,"DDDD") -> Tuesday | C26: =CHOOSE(WEEKDAY(A26,2),"Push","Pull","Legs","Push","Pull","Legs","Rest") -> Pull | D26: =VLOOKUP(C26,'Plan (PPL Template)'!A4:C7,2,FALSE()) -> 1. Pull-Ups (weighted/assisted) - 4xMax 2. Wide Grip Lat Pulldown - 4-5x8-15 3. Seated Cable Row (close grip) - 4x10 4. Face Pulls - 4x20 (NON-NEGOTIABLE) 5. Barbell Curl - 4x8-15 6. Reverse Barbell Curl / Wrist Curl - 3x12-20 | E26: =VLOOKUP(C26,'Plan (PPL Template)'!A4:C7,3,FALSE()) -> Lat Width, Back Thickness, Rear Delts/Posture, Biceps, Forearms
A27: 46211 | B27: =TEXT(A27,"DDDD") -> Wednesday | C27: =CHOOSE(WEEKDAY(A27,2),"Push","Pull","Legs","Push","Pull","Legs","Rest") -> Legs | D27: =VLOOKUP(C27,'Plan (PPL Template)'!A4:C7,2,FALSE()) -> 1. Barbell Squat - 4x10 2. Leg Press - 4x12 3. Romanian Deadlift - 4x10 4. Standing Calf Raise - 3x20 5. Seated DB Shoulder Press - 4x10 6. Cable Lateral Raise + Reverse Pec Deck - 4x15-20 (NON-NEGOTIABLE) 7. Hanging Leg Raise + Plank - 3x12 / 45s | E27: =VLOOKUP(C27,'Plan (PPL Template)'!A4:C7,3,FALSE()) -> Quads, Hamstrings, Calves, Shoulders (medial+posterior delt), Core
A28: 46212 | B28: =TEXT(A28,"DDDD") -> Thursday | C28: =CHOOSE(WEEKDAY(A28,2),"Push","Pull","Legs","Push","Pull","Legs","Rest") -> Push | D28: =VLOOKUP(C28,'Plan (PPL Template)'!A4:C7,2,FALSE()) -> 1. Incline Barbell Press - 4x8-10 2. Incline DB Press - 4x10 3. Low-to-High Cable Crossover - 4x15 4. Close Grip Bench Press - 4x8-10 5. Overhead Cable Tricep Extension - 4x10-12 6. Rope Pushdown - 4x12-15 | E28: =VLOOKUP(C28,'Plan (PPL Template)'!A4:C7,3,FALSE()) -> Upper Chest (priority), Triceps - long head + lateral head
A29: 46213 | B29: =TEXT(A29,"DDDD") -> Friday | C29: =CHOOSE(WEEKDAY(A29,2),"Push","Pull","Legs","Push","Pull","Legs","Rest") -> Pull | D29: =VLOOKUP(C29,'Plan (PPL Template)'!A4:C7,2,FALSE()) -> 1. Pull-Ups (weighted/assisted) - 4xMax 2. Wide Grip Lat Pulldown - 4-5x8-15 3. Seated Cable Row (close grip) - 4x10 4. Face Pulls - 4x20 (NON-NEGOTIABLE) 5. Barbell Curl - 4x8-15 6. Reverse Barbell Curl / Wrist Curl - 3x12-20 | E29: =VLOOKUP(C29,'Plan (PPL Template)'!A4:C7,3,FALSE()) -> Lat Width, Back Thickness, Rear Delts/Posture, Biceps, Forearms
A30: 46214 | B30: =TEXT(A30,"DDDD") -> Saturday | C30: =CHOOSE(WEEKDAY(A30,2),"Push","Pull","Legs","Push","Pull","Legs","Rest") -> Legs | D30: =VLOOKUP(C30,'Plan (PPL Template)'!A4:C7,2,FALSE()) -> 1. Barbell Squat - 4x10 2. Leg Press - 4x12 3. Romanian Deadlift - 4x10 4. Standing Calf Raise - 3x20 5. Seated DB Shoulder Press - 4x10 6. Cable Lateral Raise + Reverse Pec Deck - 4x15-20 (NON-NEGOTIABLE) 7. Hanging Leg Raise + Plank - 3x12 / 45s | E30: =VLOOKUP(C30,'Plan (PPL Template)'!A4:C7,3,FALSE()) -> Quads, Hamstrings, Calves, Shoulders (medial+posterior delt), Core
A31: 46215 | B31: =TEXT(A31,"DDDD") -> Sunday | C31: =CHOOSE(WEEKDAY(A31,2),"Push","Pull","Legs","Push","Pull","Legs","Rest") -> Rest | D31: =VLOOKUP(C31,'Plan (PPL Template)'!A4:C7,2,FALSE()) -> Rest Day - Recovery, mobility, sleep, magnesium at night | E31: =VLOOKUP(C31,'Plan (PPL Template)'!A4:C7,3,FALSE()) -> Recovery
A32: 46216 | B32: =TEXT(A32,"DDDD") -> Monday | C32: =CHOOSE(WEEKDAY(A32,2),"Push","Pull","Legs","Push","Pull","Legs","Rest") -> Push | D32: =VLOOKUP(C32,'Plan (PPL Template)'!A4:C7,2,FALSE()) -> 1. Incline Barbell Press - 4x8-10 2. Incline DB Press - 4x10 3. Low-to-High Cable Crossover - 4x15 4. Close Grip Bench Press - 4x8-10 5. Overhead Cable Tricep Extension - 4x10-12 6. Rope Pushdown - 4x12-15 | E32: =VLOOKUP(C32,'Plan (PPL Template)'!A4:C7,3,FALSE()) -> Upper Chest (priority), Triceps - long head + lateral head
A33: 46217 | B33: =TEXT(A33,"DDDD") -> Tuesday | C33: =CHOOSE(WEEKDAY(A33,2),"Push","Pull","Legs","Push","Pull","Legs","Rest") -> Pull | D33: =VLOOKUP(C33,'Plan (PPL Template)'!A4:C7,2,FALSE()) -> 1. Pull-Ups (weighted/assisted) - 4xMax 2. Wide Grip Lat Pulldown - 4-5x8-15 3. Seated Cable Row (close grip) - 4x10 4. Face Pulls - 4x20 (NON-NEGOTIABLE) 5. Barbell Curl - 4x8-15 6. Reverse Barbell Curl / Wrist Curl - 3x12-20 | E33: =VLOOKUP(C33,'Plan (PPL Template)'!A4:C7,3,FALSE()) -> Lat Width, Back Thickness, Rear Delts/Posture, Biceps, Forearms
A34: 46218 | B34: =TEXT(A34,"DDDD") -> Wednesday | C34: =CHOOSE(WEEKDAY(A34,2),"Push","Pull","Legs","Push","Pull","Legs","Rest") -> Legs | D34: =VLOOKUP(C34,'Plan (PPL Template)'!A4:C7,2,FALSE()) -> 1. Barbell Squat - 4x10 2. Leg Press - 4x12 3. Romanian Deadlift - 4x10 4. Standing Calf Raise - 3x20 5. Seated DB Shoulder Press - 4x10 6. Cable Lateral Raise + Reverse Pec Deck - 4x15-20 (NON-NEGOTIABLE) 7. Hanging Leg Raise + Plank - 3x12 / 45s | E34: =VLOOKUP(C34,'Plan (PPL Template)'!A4:C7,3,FALSE()) -> Quads, Hamstrings, Calves, Shoulders (medial+posterior delt), Core
A35: 46219 | B35: =TEXT(A35,"DDDD") -> Thursday | C35: =CHOOSE(WEEKDAY(A35,2),"Push","Pull","Legs","Push","Pull","Legs","Rest") -> Push | D35: =VLOOKUP(C35,'Plan (PPL Template)'!A4:C7,2,FALSE()) -> 1. Incline Barbell Press - 4x8-10 2. Incline DB Press - 4x10 3. Low-to-High Cable Crossover - 4x15 4. Close Grip Bench Press - 4x8-10 5. Overhead Cable Tricep Extension - 4x10-12 6. Rope Pushdown - 4x12-15 | E35: =VLOOKUP(C35,'Plan (PPL Template)'!A4:C7,3,FALSE()) -> Upper Chest (priority), Triceps - long head + lateral head
A36: 46220 | B36: =TEXT(A36,"DDDD") -> Friday | C36: =CHOOSE(WEEKDAY(A36,2),"Push","Pull","Legs","Push","Pull","Legs","Rest") -> Pull | D36: =VLOOKUP(C36,'Plan (PPL Template)'!A4:C7,2,FALSE()) -> 1. Pull-Ups (weighted/assisted) - 4xMax 2. Wide Grip Lat Pulldown - 4-5x8-15 3. Seated Cable Row (close grip) - 4x10 4. Face Pulls - 4x20 (NON-NEGOTIABLE) 5. Barbell Curl - 4x8-15 6. Reverse Barbell Curl / Wrist Curl - 3x12-20 | E36: =VLOOKUP(C36,'Plan (PPL Template)'!A4:C7,3,FALSE()) -> Lat Width, Back Thickness, Rear Delts/Posture, Biceps, Forearms
A37: 46221 | B37: =TEXT(A37,"DDDD") -> Saturday | C37: =CHOOSE(WEEKDAY(A37,2),"Push","Pull","Legs","Push","Pull","Legs","Rest") -> Legs | D37: =VLOOKUP(C37,'Plan (PPL Template)'!A4:C7,2,FALSE()) -> 1. Barbell Squat - 4x10 2. Leg Press - 4x12 3. Romanian Deadlift - 4x10 4. Standing Calf Raise - 3x20 5. Seated DB Shoulder Press - 4x10 6. Cable Lateral Raise + Reverse Pec Deck - 4x15-20 (NON-NEGOTIABLE) 7. Hanging Leg Raise + Plank - 3x12 / 45s | E37: =VLOOKUP(C37,'Plan (PPL Template)'!A4:C7,3,FALSE()) -> Quads, Hamstrings, Calves, Shoulders (medial+posterior delt), Core
A38: 46222 | B38: =TEXT(A38,"DDDD") -> Sunday | C38: =CHOOSE(WEEKDAY(A38,2),"Push","Pull","Legs","Push","Pull","Legs","Rest") -> Rest | D38: =VLOOKUP(C38,'Plan (PPL Template)'!A4:C7,2,FALSE()) -> Rest Day - Recovery, mobility, sleep, magnesium at night | E38: =VLOOKUP(C38,'Plan (PPL Template)'!A4:C7,3,FALSE()) -> Recovery
A39: 46223 | B39: =TEXT(A39,"DDDD") -> Monday | C39: =CHOOSE(WEEKDAY(A39,2),"Push","Pull","Legs","Push","Pull","Legs","Rest") -> Push | D39: =VLOOKUP(C39,'Plan (PPL Template)'!A4:C7,2,FALSE()) -> 1. Incline Barbell Press - 4x8-10 2. Incline DB Press - 4x10 3. Low-to-High Cable Crossover - 4x15 4. Close Grip Bench Press - 4x8-10 5. Overhead Cable Tricep Extension - 4x10-12 6. Rope Pushdown - 4x12-15 | E39: =VLOOKUP(C39,'Plan (PPL Template)'!A4:C7,3,FALSE()) -> Upper Chest (priority), Triceps - long head + lateral head
A40: 46224 | B40: =TEXT(A40,"DDDD") -> Tuesday | C40: =CHOOSE(WEEKDAY(A40,2),"Push","Pull","Legs","Push","Pull","Legs","Rest") -> Pull | D40: =VLOOKUP(C40,'Plan (PPL Template)'!A4:C7,2,FALSE()) -> 1. Pull-Ups (weighted/assisted) - 4xMax 2. Wide Grip Lat Pulldown - 4-5x8-15 3. Seated Cable Row (close grip) - 4x10 4. Face Pulls - 4x20 (NON-NEGOTIABLE) 5. Barbell Curl - 4x8-15 6. Reverse Barbell Curl / Wrist Curl - 3x12-20 | E40: =VLOOKUP(C40,'Plan (PPL Template)'!A4:C7,3,FALSE()) -> Lat Width, Back Thickness, Rear Delts/Posture, Biceps, Forearms
A41: 46225 | B41: =TEXT(A41,"DDDD") -> Wednesday | C41: =CHOOSE(WEEKDAY(A41,2),"Push","Pull","Legs","Push","Pull","Legs","Rest") -> Legs | D41: =VLOOKUP(C41,'Plan (PPL Template)'!A4:C7,2,FALSE()) -> 1. Barbell Squat - 4x10 2. Leg Press - 4x12 3. Romanian Deadlift - 4x10 4. Standing Calf Raise - 3x20 5. Seated DB Shoulder Press - 4x10 6. Cable Lateral Raise + Reverse Pec Deck - 4x15-20 (NON-NEGOTIABLE) 7. Hanging Leg Raise + Plank - 3x12 / 45s | E41: =VLOOKUP(C41,'Plan (PPL Template)'!A4:C7,3,FALSE()) -> Quads, Hamstrings, Calves, Shoulders (medial+posterior delt), Core
A42: 46226 | B42: =TEXT(A42,"DDDD") -> Thursday | C42: =CHOOSE(WEEKDAY(A42,2),"Push","Pull","Legs","Push","Pull","Legs","Rest") -> Push | D42: =VLOOKUP(C42,'Plan (PPL Template)'!A4:C7,2,FALSE()) -> 1. Incline Barbell Press - 4x8-10 2. Incline DB Press - 4x10 3. Low-to-High Cable Crossover - 4x15 4. Close Grip Bench Press - 4x8-10 5. Overhead Cable Tricep Extension - 4x10-12 6. Rope Pushdown - 4x12-15 | E42: =VLOOKUP(C42,'Plan (PPL Template)'!A4:C7,3,FALSE()) -> Upper Chest (priority), Triceps - long head + lateral head
A43: 46227 | B43: =TEXT(A43,"DDDD") -> Friday | C43: =CHOOSE(WEEKDAY(A43,2),"Push","Pull","Legs","Push","Pull","Legs","Rest") -> Pull | D43: =VLOOKUP(C43,'Plan (PPL Template)'!A4:C7,2,FALSE()) -> 1. Pull-Ups (weighted/assisted) - 4xMax 2. Wide Grip Lat Pulldown - 4-5x8-15 3. Seated Cable Row (close grip) - 4x10 4. Face Pulls - 4x20 (NON-NEGOTIABLE) 5. Barbell Curl - 4x8-15 6. Reverse Barbell Curl / Wrist Curl - 3x12-20 | E43: =VLOOKUP(C43,'Plan (PPL Template)'!A4:C7,3,FALSE()) -> Lat Width, Back Thickness, Rear Delts/Posture, Biceps, Forearms
A44: 46228 | B44: =TEXT(A44,"DDDD") -> Saturday | C44: =CHOOSE(WEEKDAY(A44,2),"Push","Pull","Legs","Push","Pull","Legs","Rest") -> Legs | D44: =VLOOKUP(C44,'Plan (PPL Template)'!A4:C7,2,FALSE()) -> 1. Barbell Squat - 4x10 2. Leg Press - 4x12 3. Romanian Deadlift - 4x10 4. Standing Calf Raise - 3x20 5. Seated DB Shoulder Press - 4x10 6. Cable Lateral Raise + Reverse Pec Deck - 4x15-20 (NON-NEGOTIABLE) 7. Hanging Leg Raise + Plank - 3x12 / 45s | E44: =VLOOKUP(C44,'Plan (PPL Template)'!A4:C7,3,FALSE()) -> Quads, Hamstrings, Calves, Shoulders (medial+posterior delt), Core
A45: 46229 | B45: =TEXT(A45,"DDDD") -> Sunday | C45: =CHOOSE(WEEKDAY(A45,2),"Push","Pull","Legs","Push","Pull","Legs","Rest") -> Rest | D45: =VLOOKUP(C45,'Plan (PPL Template)'!A4:C7,2,FALSE()) -> Rest Day - Recovery, mobility, sleep, magnesium at night | E45: =VLOOKUP(C45,'Plan (PPL Template)'!A4:C7,3,FALSE()) -> Recovery
A46: 46230 | B46: =TEXT(A46,"DDDD") -> Monday | C46: =CHOOSE(WEEKDAY(A46,2),"Push","Pull","Legs","Push","Pull","Legs","Rest") -> Push | D46: =VLOOKUP(C46,'Plan (PPL Template)'!A4:C7,2,FALSE()) -> 1. Incline Barbell Press - 4x8-10 2. Incline DB Press - 4x10 3. Low-to-High Cable Crossover - 4x15 4. Close Grip Bench Press - 4x8-10 5. Overhead Cable Tricep Extension - 4x10-12 6. Rope Pushdown - 4x12-15 | E46: =VLOOKUP(C46,'Plan (PPL Template)'!A4:C7,3,FALSE()) -> Upper Chest (priority), Triceps - long head + lateral head
A47: 46231 | B47: =TEXT(A47,"DDDD") -> Tuesday | C47: =CHOOSE(WEEKDAY(A47,2),"Push","Pull","Legs","Push","Pull","Legs","Rest") -> Pull | D47: =VLOOKUP(C47,'Plan (PPL Template)'!A4:C7,2,FALSE()) -> 1. Pull-Ups (weighted/assisted) - 4xMax 2. Wide Grip Lat Pulldown - 4-5x8-15 3. Seated Cable Row (close grip) - 4x10 4. Face Pulls - 4x20 (NON-NEGOTIABLE) 5. Barbell Curl - 4x8-15 6. Reverse Barbell Curl / Wrist Curl - 3x12-20 | E47: =VLOOKUP(C47,'Plan (PPL Template)'!A4:C7,3,FALSE()) -> Lat Width, Back Thickness, Rear Delts/Posture, Biceps, Forearms
A48: 46232 | B48: =TEXT(A48,"DDDD") -> Wednesday | C48: =CHOOSE(WEEKDAY(A48,2),"Push","Pull","Legs","Push","Pull","Legs","Rest") -> Legs | D48: =VLOOKUP(C48,'Plan (PPL Template)'!A4:C7,2,FALSE()) -> 1. Barbell Squat - 4x10 2. Leg Press - 4x12 3. Romanian Deadlift - 4x10 4. Standing Calf Raise - 3x20 5. Seated DB Shoulder Press - 4x10 6. Cable Lateral Raise + Reverse Pec Deck - 4x15-20 (NON-NEGOTIABLE) 7. Hanging Leg Raise + Plank - 3x12 / 45s | E48: =VLOOKUP(C48,'Plan (PPL Template)'!A4:C7,3,FALSE()) -> Quads, Hamstrings, Calves, Shoulders (medial+posterior delt), Core
A49: 46233 | B49: =TEXT(A49,"DDDD") -> Thursday | C49: =CHOOSE(WEEKDAY(A49,2),"Push","Pull","Legs","Push","Pull","Legs","Rest") -> Push | D49: =VLOOKUP(C49,'Plan (PPL Template)'!A4:C7,2,FALSE()) -> 1. Incline Barbell Press - 4x8-10 2. Incline DB Press - 4x10 3. Low-to-High Cable Crossover - 4x15 4. Close Grip Bench Press - 4x8-10 5. Overhead Cable Tricep Extension - 4x10-12 6. Rope Pushdown - 4x12-15 | E49: =VLOOKUP(C49,'Plan (PPL Template)'!A4:C7,3,FALSE()) -> Upper Chest (priority), Triceps - long head + lateral head
A50: 46234 | B50: =TEXT(A50,"DDDD") -> Friday | C50: =CHOOSE(WEEKDAY(A50,2),"Push","Pull","Legs","Push","Pull","Legs","Rest") -> Pull | D50: =VLOOKUP(C50,'Plan (PPL Template)'!A4:C7,2,FALSE()) -> 1. Pull-Ups (weighted/assisted) - 4xMax 2. Wide Grip Lat Pulldown - 4-5x8-15 3. Seated Cable Row (close grip) - 4x10 4. Face Pulls - 4x20 (NON-NEGOTIABLE) 5. Barbell Curl - 4x8-15 6. Reverse Barbell Curl / Wrist Curl - 3x12-20 | E50: =VLOOKUP(C50,'Plan (PPL Template)'!A4:C7,3,FALSE()) -> Lat Width, Back Thickness, Rear Delts/Posture, Biceps, Forearms
A51: 46235 | B51: =TEXT(A51,"DDDD") -> Saturday | C51: =CHOOSE(WEEKDAY(A51,2),"Push","Pull","Legs","Push","Pull","Legs","Rest") -> Legs | D51: =VLOOKUP(C51,'Plan (PPL Template)'!A4:C7,2,FALSE()) -> 1. Barbell Squat - 4x10 2. Leg Press - 4x12 3. Romanian Deadlift - 4x10 4. Standing Calf Raise - 3x20 5. Seated DB Shoulder Press - 4x10 6. Cable Lateral Raise + Reverse Pec Deck - 4x15-20 (NON-NEGOTIABLE) 7. Hanging Leg Raise + Plank - 3x12 / 45s | E51: =VLOOKUP(C51,'Plan (PPL Template)'!A4:C7,3,FALSE()) -> Quads, Hamstrings, Calves, Shoulders (medial+posterior delt), Core | F51: Yes | G51: is my chest day
A52: 46236 | B52: =TEXT(A52,"DDDD") -> Sunday | C52: =CHOOSE(WEEKDAY(A52,2),"Push","Pull","Legs","Push","Pull","Legs","Rest") -> Rest | D52: =VLOOKUP(C52,'Plan (PPL Template)'!A4:C7,2,FALSE()) -> Rest Day - Recovery, mobility, sleep, magnesium at night | E52: =VLOOKUP(C52,'Plan (PPL Template)'!A4:C7,3,FALSE()) -> Recovery
A53: 46237 | B53: =TEXT(A53,"DDDD") -> Monday | C53: =CHOOSE(WEEKDAY(A53,2),"Push","Pull","Legs","Push","Pull","Legs","Rest") -> Push | D53: =VLOOKUP(C53,'Plan (PPL Template)'!A4:C7,2,FALSE()) -> 1. Incline Barbell Press - 4x8-10 2. Incline DB Press - 4x10 3. Low-to-High Cable Crossover - 4x15 4. Close Grip Bench Press - 4x8-10 5. Overhead Cable Tricep Extension - 4x10-12 6. Rope Pushdown - 4x12-15 | E53: =VLOOKUP(C53,'Plan (PPL Template)'!A4:C7,3,FALSE()) -> Upper Chest (priority), Triceps - long head + lateral head
A54: 46238 | B54: =TEXT(A54,"DDDD") -> Tuesday | C54: =CHOOSE(WEEKDAY(A54,2),"Push","Pull","Legs","Push","Pull","Legs","Rest") -> Pull | D54: =VLOOKUP(C54,'Plan (PPL Template)'!A4:C7,2,FALSE()) -> 1. Pull-Ups (weighted/assisted) - 4xMax 2. Wide Grip Lat Pulldown - 4-5x8-15 3. Seated Cable Row (close grip) - 4x10 4. Face Pulls - 4x20 (NON-NEGOTIABLE) 5. Barbell Curl - 4x8-15 6. Reverse Barbell Curl / Wrist Curl - 3x12-20 | E54: =VLOOKUP(C54,'Plan (PPL Template)'!A4:C7,3,FALSE()) -> Lat Width, Back Thickness, Rear Delts/Posture, Biceps, Forearms
A55: 46239 | B55: =TEXT(A55,"DDDD") -> Wednesday | C55: =CHOOSE(WEEKDAY(A55,2),"Push","Pull","Legs","Push","Pull","Legs","Rest") -> Legs | D55: =VLOOKUP(C55,'Plan (PPL Template)'!A4:C7,2,FALSE()) -> 1. Barbell Squat - 4x10 2. Leg Press - 4x12 3. Romanian Deadlift - 4x10 4. Standing Calf Raise - 3x20 5. Seated DB Shoulder Press - 4x10 6. Cable Lateral Raise + Reverse Pec Deck - 4x15-20 (NON-NEGOTIABLE) 7. Hanging Leg Raise + Plank - 3x12 / 45s | E55: =VLOOKUP(C55,'Plan (PPL Template)'!A4:C7,3,FALSE()) -> Quads, Hamstrings, Calves, Shoulders (medial+posterior delt), Core
A56: 46240 | B56: =TEXT(A56,"DDDD") -> Thursday | C56: =CHOOSE(WEEKDAY(A56,2),"Push","Pull","Legs","Push","Pull","Legs","Rest") -> Push | D56: =VLOOKUP(C56,'Plan (PPL Template)'!A4:C7,2,FALSE()) -> 1. Incline Barbell Press - 4x8-10 2. Incline DB Press - 4x10 3. Low-to-High Cable Crossover - 4x15 4. Close Grip Bench Press - 4x8-10 5. Overhead Cable Tricep Extension - 4x10-12 6. Rope Pushdown - 4x12-15 | E56: =VLOOKUP(C56,'Plan (PPL Template)'!A4:C7,3,FALSE()) -> Upper Chest (priority), Triceps - long head + lateral head
A57: 46241 | B57: =TEXT(A57,"DDDD") -> Friday | C57: =CHOOSE(WEEKDAY(A57,2),"Push","Pull","Legs","Push","Pull","Legs","Rest") -> Pull | D57: =VLOOKUP(C57,'Plan (PPL Template)'!A4:C7,2,FALSE()) -> 1. Pull-Ups (weighted/assisted) - 4xMax 2. Wide Grip Lat Pulldown - 4-5x8-15 3. Seated Cable Row (close grip) - 4x10 4. Face Pulls - 4x20 (NON-NEGOTIABLE) 5. Barbell Curl - 4x8-15 6. Reverse Barbell Curl / Wrist Curl - 3x12-20 | E57: =VLOOKUP(C57,'Plan (PPL Template)'!A4:C7,3,FALSE()) -> Lat Width, Back Thickness, Rear Delts/Posture, Biceps, Forearms
A58: 46242 | B58: =TEXT(A58,"DDDD") -> Saturday | C58: =CHOOSE(WEEKDAY(A58,2),"Push","Pull","Legs","Push","Pull","Legs","Rest") -> Legs | D58: =VLOOKUP(C58,'Plan (PPL Template)'!A4:C7,2,FALSE()) -> 1. Barbell Squat - 4x10 2. Leg Press - 4x12 3. Romanian Deadlift - 4x10 4. Standing Calf Raise - 3x20 5. Seated DB Shoulder Press - 4x10 6. Cable Lateral Raise + Reverse Pec Deck - 4x15-20 (NON-NEGOTIABLE) 7. Hanging Leg Raise + Plank - 3x12 / 45s | E58: =VLOOKUP(C58,'Plan (PPL Template)'!A4:C7,3,FALSE()) -> Quads, Hamstrings, Calves, Shoulders (medial+posterior delt), Core
A59: 46243 | B59: =TEXT(A59,"DDDD") -> Sunday | C59: =CHOOSE(WEEKDAY(A59,2),"Push","Pull","Legs","Push","Pull","Legs","Rest") -> Rest | D59: =VLOOKUP(C59,'Plan (PPL Template)'!A4:C7,2,FALSE()) -> Rest Day - Recovery, mobility, sleep, magnesium at night | E59: =VLOOKUP(C59,'Plan (PPL Template)'!A4:C7,3,FALSE()) -> Recovery
A60: 46244 | B60: =TEXT(A60,"DDDD") -> Monday | C60: =CHOOSE(WEEKDAY(A60,2),"Push","Pull","Legs","Push","Pull","Legs","Rest") -> Push | D60: =VLOOKUP(C60,'Plan (PPL Template)'!A4:C7,2,FALSE()) -> 1. Incline Barbell Press - 4x8-10 2. Incline DB Press - 4x10 3. Low-to-High Cable Crossover - 4x15 4. Close Grip Bench Press - 4x8-10 5. Overhead Cable Tricep Extension - 4x10-12 6. Rope Pushdown - 4x12-15 | E60: =VLOOKUP(C60,'Plan (PPL Template)'!A4:C7,3,FALSE()) -> Upper Chest (priority), Triceps - long head + lateral head
A61: 46245 | B61: =TEXT(A61,"DDDD") -> Tuesday | C61: =CHOOSE(WEEKDAY(A61,2),"Push","Pull","Legs","Push","Pull","Legs","Rest") -> Pull | D61: =VLOOKUP(C61,'Plan (PPL Template)'!A4:C7,2,FALSE()) -> 1. Pull-Ups (weighted/assisted) - 4xMax 2. Wide Grip Lat Pulldown - 4-5x8-15 3. Seated Cable Row (close grip) - 4x10 4. Face Pulls - 4x20 (NON-NEGOTIABLE) 5. Barbell Curl - 4x8-15 6. Reverse Barbell Curl / Wrist Curl - 3x12-20 | E61: =VLOOKUP(C61,'Plan (PPL Template)'!A4:C7,3,FALSE()) -> Lat Width, Back Thickness, Rear Delts/Posture, Biceps, Forearms
A62: 46246 | B62: =TEXT(A62,"DDDD") -> Wednesday | C62: =CHOOSE(WEEKDAY(A62,2),"Push","Pull","Legs","Push","Pull","Legs","Rest") -> Legs | D62: =VLOOKUP(C62,'Plan (PPL Template)'!A4:C7,2,FALSE()) -> 1. Barbell Squat - 4x10 2. Leg Press - 4x12 3. Romanian Deadlift - 4x10 4. Standing Calf Raise - 3x20 5. Seated DB Shoulder Press - 4x10 6. Cable Lateral Raise + Reverse Pec Deck - 4x15-20 (NON-NEGOTIABLE) 7. Hanging Leg Raise + Plank - 3x12 / 45s | E62: =VLOOKUP(C62,'Plan (PPL Template)'!A4:C7,3,FALSE()) -> Quads, Hamstrings, Calves, Shoulders (medial+posterior delt), Core
A63: 46247 | B63: =TEXT(A63,"DDDD") -> Thursday | C63: =CHOOSE(WEEKDAY(A63,2),"Push","Pull","Legs","Push","Pull","Legs","Rest") -> Push | D63: =VLOOKUP(C63,'Plan (PPL Template)'!A4:C7,2,FALSE()) -> 1. Incline Barbell Press - 4x8-10 2. Incline DB Press - 4x10 3. Low-to-High Cable Crossover - 4x15 4. Close Grip Bench Press - 4x8-10 5. Overhead Cable Tricep Extension - 4x10-12 6. Rope Pushdown - 4x12-15 | E63: =VLOOKUP(C63,'Plan (PPL Template)'!A4:C7,3,FALSE()) -> Upper Chest (priority), Triceps - long head + lateral head
A64: 46248 | B64: =TEXT(A64,"DDDD") -> Friday | C64: =CHOOSE(WEEKDAY(A64,2),"Push","Pull","Legs","Push","Pull","Legs","Rest") -> Pull | D64: =VLOOKUP(C64,'Plan (PPL Template)'!A4:C7,2,FALSE()) -> 1. Pull-Ups (weighted/assisted) - 4xMax 2. Wide Grip Lat Pulldown - 4-5x8-15 3. Seated Cable Row (close grip) - 4x10 4. Face Pulls - 4x20 (NON-NEGOTIABLE) 5. Barbell Curl - 4x8-15 6. Reverse Barbell Curl / Wrist Curl - 3x12-20 | E64: =VLOOKUP(C64,'Plan (PPL Template)'!A4:C7,3,FALSE()) -> Lat Width, Back Thickness, Rear Delts/Posture, Biceps, Forearms
A65: 46249 | B65: =TEXT(A65,"DDDD") -> Saturday | C65: =CHOOSE(WEEKDAY(A65,2),"Push","Pull","Legs","Push","Pull","Legs","Rest") -> Legs | D65: =VLOOKUP(C65,'Plan (PPL Template)'!A4:C7,2,FALSE()) -> 1. Barbell Squat - 4x10 2. Leg Press - 4x12 3. Romanian Deadlift - 4x10 4. Standing Calf Raise - 3x20 5. Seated DB Shoulder Press - 4x10 6. Cable Lateral Raise + Reverse Pec Deck - 4x15-20 (NON-NEGOTIABLE) 7. Hanging Leg Raise + Plank - 3x12 / 45s | E65: =VLOOKUP(C65,'Plan (PPL Template)'!A4:C7,3,FALSE()) -> Quads, Hamstrings, Calves, Shoulders (medial+posterior delt), Core
A66: 46250 | B66: =TEXT(A66,"DDDD") -> Sunday | C66: =CHOOSE(WEEKDAY(A66,2),"Push","Pull","Legs","Push","Pull","Legs","Rest") -> Rest | D66: =VLOOKUP(C66,'Plan (PPL Template)'!A4:C7,2,FALSE()) -> Rest Day - Recovery, mobility, sleep, magnesium at night | E66: =VLOOKUP(C66,'Plan (PPL Template)'!A4:C7,3,FALSE()) -> Recovery
A67: 46251 | B67: =TEXT(A67,"DDDD") -> Monday | C67: =CHOOSE(WEEKDAY(A67,2),"Push","Pull","Legs","Push","Pull","Legs","Rest") -> Push | D67: =VLOOKUP(C67,'Plan (PPL Template)'!A4:C7,2,FALSE()) -> 1. Incline Barbell Press - 4x8-10 2. Incline DB Press - 4x10 3. Low-to-High Cable Crossover - 4x15 4. Close Grip Bench Press - 4x8-10 5. Overhead Cable Tricep Extension - 4x10-12 6. Rope Pushdown - 4x12-15 | E67: =VLOOKUP(C67,'Plan (PPL Template)'!A4:C7,3,FALSE()) -> Upper Chest (priority), Triceps - long head + lateral head
A68: 46252 | B68: =TEXT(A68,"DDDD") -> Tuesday | C68: =CHOOSE(WEEKDAY(A68,2),"Push","Pull","Legs","Push","Pull","Legs","Rest") -> Pull | D68: =VLOOKUP(C68,'Plan (PPL Template)'!A4:C7,2,FALSE()) -> 1. Pull-Ups (weighted/assisted) - 4xMax 2. Wide Grip Lat Pulldown - 4-5x8-15 3. Seated Cable Row (close grip) - 4x10 4. Face Pulls - 4x20 (NON-NEGOTIABLE) 5. Barbell Curl - 4x8-15 6. Reverse Barbell Curl / Wrist Curl - 3x12-20 | E68: =VLOOKUP(C68,'Plan (PPL Template)'!A4:C7,3,FALSE()) -> Lat Width, Back Thickness, Rear Delts/Posture, Biceps, Forearms
A69: 46253 | B69: =TEXT(A69,"DDDD") -> Wednesday | C69: =CHOOSE(WEEKDAY(A69,2),"Push","Pull","Legs","Push","Pull","Legs","Rest") -> Legs | D69: =VLOOKUP(C69,'Plan (PPL Template)'!A4:C7,2,FALSE()) -> 1. Barbell Squat - 4x10 2. Leg Press - 4x12 3. Romanian Deadlift - 4x10 4. Standing Calf Raise - 3x20 5. Seated DB Shoulder Press - 4x10 6. Cable Lateral Raise + Reverse Pec Deck - 4x15-20 (NON-NEGOTIABLE) 7. Hanging Leg Raise + Plank - 3x12 / 45s | E69: =VLOOKUP(C69,'Plan (PPL Template)'!A4:C7,3,FALSE()) -> Quads, Hamstrings, Calves, Shoulders (medial+posterior delt), Core
A70: 46254 | B70: =TEXT(A70,"DDDD") -> Thursday | C70: =CHOOSE(WEEKDAY(A70,2),"Push","Pull","Legs","Push","Pull","Legs","Rest") -> Push | D70: =VLOOKUP(C70,'Plan (PPL Template)'!A4:C7,2,FALSE()) -> 1. Incline Barbell Press - 4x8-10 2. Incline DB Press - 4x10 3. Low-to-High Cable Crossover - 4x15 4. Close Grip Bench Press - 4x8-10 5. Overhead Cable Tricep Extension - 4x10-12 6. Rope Pushdown - 4x12-15 | E70: =VLOOKUP(C70,'Plan (PPL Template)'!A4:C7,3,FALSE()) -> Upper Chest (priority), Triceps - long head + lateral head
A71: 46255 | B71: =TEXT(A71,"DDDD") -> Friday | C71: =CHOOSE(WEEKDAY(A71,2),"Push","Pull","Legs","Push","Pull","Legs","Rest") -> Pull | D71: =VLOOKUP(C71,'Plan (PPL Template)'!A4:C7,2,FALSE()) -> 1. Pull-Ups (weighted/assisted) - 4xMax 2. Wide Grip Lat Pulldown - 4-5x8-15 3. Seated Cable Row (close grip) - 4x10 4. Face Pulls - 4x20 (NON-NEGOTIABLE) 5. Barbell Curl - 4x8-15 6. Reverse Barbell Curl / Wrist Curl - 3x12-20 | E71: =VLOOKUP(C71,'Plan (PPL Template)'!A4:C7,3,FALSE()) -> Lat Width, Back Thickness, Rear Delts/Posture, Biceps, Forearms
A72: 46256 | B72: =TEXT(A72,"DDDD") -> Saturday | C72: =CHOOSE(WEEKDAY(A72,2),"Push","Pull","Legs","Push","Pull","Legs","Rest") -> Legs | D72: =VLOOKUP(C72,'Plan (PPL Template)'!A4:C7,2,FALSE()) -> 1. Barbell Squat - 4x10 2. Leg Press - 4x12 3. Romanian Deadlift - 4x10 4. Standing Calf Raise - 3x20 5. Seated DB Shoulder Press - 4x10 6. Cable Lateral Raise + Reverse Pec Deck - 4x15-20 (NON-NEGOTIABLE) 7. Hanging Leg Raise + Plank - 3x12 / 45s | E72: =VLOOKUP(C72,'Plan (PPL Template)'!A4:C7,3,FALSE()) -> Quads, Hamstrings, Calves, Shoulders (medial+posterior delt), Core
A73: 46257 | B73: =TEXT(A73,"DDDD") -> Sunday | C73: =CHOOSE(WEEKDAY(A73,2),"Push","Pull","Legs","Push","Pull","Legs","Rest") -> Rest | D73: =VLOOKUP(C73,'Plan (PPL Template)'!A4:C7,2,FALSE()) -> Rest Day - Recovery, mobility, sleep, magnesium at night | E73: =VLOOKUP(C73,'Plan (PPL Template)'!A4:C7,3,FALSE()) -> Recovery
A74: 46258 | B74: =TEXT(A74,"DDDD") -> Monday | C74: =CHOOSE(WEEKDAY(A74,2),"Push","Pull","Legs","Push","Pull","Legs","Rest") -> Push | D74: =VLOOKUP(C74,'Plan (PPL Template)'!A4:C7,2,FALSE()) -> 1. Incline Barbell Press - 4x8-10 2. Incline DB Press - 4x10 3. Low-to-High Cable Crossover - 4x15 4. Close Grip Bench Press - 4x8-10 5. Overhead Cable Tricep Extension - 4x10-12 6. Rope Pushdown - 4x12-15 | E74: =VLOOKUP(C74,'Plan (PPL Template)'!A4:C7,3,FALSE()) -> Upper Chest (priority), Triceps - long head + lateral head
A75: 46259 | B75: =TEXT(A75,"DDDD") -> Tuesday | C75: =CHOOSE(WEEKDAY(A75,2),"Push","Pull","Legs","Push","Pull","Legs","Rest") -> Pull | D75: =VLOOKUP(C75,'Plan (PPL Template)'!A4:C7,2,FALSE()) -> 1. Pull-Ups (weighted/assisted) - 4xMax 2. Wide Grip Lat Pulldown - 4-5x8-15 3. Seated Cable Row (close grip) - 4x10 4. Face Pulls - 4x20 (NON-NEGOTIABLE) 5. Barbell Curl - 4x8-15 6. Reverse Barbell Curl / Wrist Curl - 3x12-20 | E75: =VLOOKUP(C75,'Plan (PPL Template)'!A4:C7,3,FALSE()) -> Lat Width, Back Thickness, Rear Delts/Posture, Biceps, Forearms
A76: 46260 | B76: =TEXT(A76,"DDDD") -> Wednesday | C76: =CHOOSE(WEEKDAY(A76,2),"Push","Pull","Legs","Push","Pull","Legs","Rest") -> Legs | D76: =VLOOKUP(C76,'Plan (PPL Template)'!A4:C7,2,FALSE()) -> 1. Barbell Squat - 4x10 2. Leg Press - 4x12 3. Romanian Deadlift - 4x10 4. Standing Calf Raise - 3x20 5. Seated DB Shoulder Press - 4x10 6. Cable Lateral Raise + Reverse Pec Deck - 4x15-20 (NON-NEGOTIABLE) 7. Hanging Leg Raise + Plank - 3x12 / 45s | E76: =VLOOKUP(C76,'Plan (PPL Template)'!A4:C7,3,FALSE()) -> Quads, Hamstrings, Calves, Shoulders (medial+posterior delt), Core
A77: 46261 | B77: =TEXT(A77,"DDDD") -> Thursday | C77: =CHOOSE(WEEKDAY(A77,2),"Push","Pull","Legs","Push","Pull","Legs","Rest") -> Push | D77: =VLOOKUP(C77,'Plan (PPL Template)'!A4:C7,2,FALSE()) -> 1. Incline Barbell Press - 4x8-10 2. Incline DB Press - 4x10 3. Low-to-High Cable Crossover - 4x15 4. Close Grip Bench Press - 4x8-10 5. Overhead Cable Tricep Extension - 4x10-12 6. Rope Pushdown - 4x12-15 | E77: =VLOOKUP(C77,'Plan (PPL Template)'!A4:C7,3,FALSE()) -> Upper Chest (priority), Triceps - long head + lateral head
A78: 46262 | B78: =TEXT(A78,"DDDD") -> Friday | C78: =CHOOSE(WEEKDAY(A78,2),"Push","Pull","Legs","Push","Pull","Legs","Rest") -> Pull | D78: =VLOOKUP(C78,'Plan (PPL Template)'!A4:C7,2,FALSE()) -> 1. Pull-Ups (weighted/assisted) - 4xMax 2. Wide Grip Lat Pulldown - 4-5x8-15 3. Seated Cable Row (close grip) - 4x10 4. Face Pulls - 4x20 (NON-NEGOTIABLE) 5. Barbell Curl - 4x8-15 6. Reverse Barbell Curl / Wrist Curl - 3x12-20 | E78: =VLOOKUP(C78,'Plan (PPL Template)'!A4:C7,3,FALSE()) -> Lat Width, Back Thickness, Rear Delts/Posture, Biceps, Forearms
A79: 46263 | B79: =TEXT(A79,"DDDD") -> Saturday | C79: =CHOOSE(WEEKDAY(A79,2),"Push","Pull","Legs","Push","Pull","Legs","Rest") -> Legs | D79: =VLOOKUP(C79,'Plan (PPL Template)'!A4:C7,2,FALSE()) -> 1. Barbell Squat - 4x10 2. Leg Press - 4x12 3. Romanian Deadlift - 4x10 4. Standing Calf Raise - 3x20 5. Seated DB Shoulder Press - 4x10 6. Cable Lateral Raise + Reverse Pec Deck - 4x15-20 (NON-NEGOTIABLE) 7. Hanging Leg Raise + Plank - 3x12 / 45s | E79: =VLOOKUP(C79,'Plan (PPL Template)'!A4:C7,3,FALSE()) -> Quads, Hamstrings, Calves, Shoulders (medial+posterior delt), Core
A80: 46264 | B80: =TEXT(A80,"DDDD") -> Sunday | C80: =CHOOSE(WEEKDAY(A80,2),"Push","Pull","Legs","Push","Pull","Legs","Rest") -> Rest | D80: =VLOOKUP(C80,'Plan (PPL Template)'!A4:C7,2,FALSE()) -> Rest Day - Recovery, mobility, sleep, magnesium at night | E80: =VLOOKUP(C80,'Plan (PPL Template)'!A4:C7,3,FALSE()) -> Recovery
A81: 46265 | B81: =TEXT(A81,"DDDD") -> Monday | C81: =CHOOSE(WEEKDAY(A81,2),"Push","Pull","Legs","Push","Pull","Legs","Rest") -> Push | D81: =VLOOKUP(C81,'Plan (PPL Template)'!A4:C7,2,FALSE()) -> 1. Incline Barbell Press - 4x8-10 2. Incline DB Press - 4x10 3. Low-to-High Cable Crossover - 4x15 4. Close Grip Bench Press - 4x8-10 5. Overhead Cable Tricep Extension - 4x10-12 6. Rope Pushdown - 4x12-15 | E81: =VLOOKUP(C81,'Plan (PPL Template)'!A4:C7,3,FALSE()) -> Upper Chest (priority), Triceps - long head + lateral head
A82: 46266 | B82: =TEXT(A82,"DDDD") -> Tuesday | C82: =CHOOSE(WEEKDAY(A82,2),"Push","Pull","Legs","Push","Pull","Legs","Rest") -> Pull | D82: =VLOOKUP(C82,'Plan (PPL Template)'!A4:C7,2,FALSE()) -> 1. Pull-Ups (weighted/assisted) - 4xMax 2. Wide Grip Lat Pulldown - 4-5x8-15 3. Seated Cable Row (close grip) - 4x10 4. Face Pulls - 4x20 (NON-NEGOTIABLE) 5. Barbell Curl - 4x8-15 6. Reverse Barbell Curl / Wrist Curl - 3x12-20 | E82: =VLOOKUP(C82,'Plan (PPL Template)'!A4:C7,3,FALSE()) -> Lat Width, Back Thickness, Rear Delts/Posture, Biceps, Forearms
A83: 46267 | B83: =TEXT(A83,"DDDD") -> Wednesday | C83: =CHOOSE(WEEKDAY(A83,2),"Push","Pull","Legs","Push","Pull","Legs","Rest") -> Legs | D83: =VLOOKUP(C83,'Plan (PPL Template)'!A4:C7,2,FALSE()) -> 1. Barbell Squat - 4x10 2. Leg Press - 4x12 3. Romanian Deadlift - 4x10 4. Standing Calf Raise - 3x20 5. Seated DB Shoulder Press - 4x10 6. Cable Lateral Raise + Reverse Pec Deck - 4x15-20 (NON-NEGOTIABLE) 7. Hanging Leg Raise + Plank - 3x12 / 45s | E83: =VLOOKUP(C83,'Plan (PPL Template)'!A4:C7,3,FALSE()) -> Quads, Hamstrings, Calves, Shoulders (medial+posterior delt), Core
A84: 46268 | B84: =TEXT(A84,"DDDD") -> Thursday | C84: =CHOOSE(WEEKDAY(A84,2),"Push","Pull","Legs","Push","Pull","Legs","Rest") -> Push | D84: =VLOOKUP(C84,'Plan (PPL Template)'!A4:C7,2,FALSE()) -> 1. Incline Barbell Press - 4x8-10 2. Incline DB Press - 4x10 3. Low-to-High Cable Crossover - 4x15 4. Close Grip Bench Press - 4x8-10 5. Overhead Cable Tricep Extension - 4x10-12 6. Rope Pushdown - 4x12-15 | E84: =VLOOKUP(C84,'Plan (PPL Template)'!A4:C7,3,FALSE()) -> Upper Chest (priority), Triceps - long head + lateral head
A85: 46269 | B85: =TEXT(A85,"DDDD") -> Friday | C85: =CHOOSE(WEEKDAY(A85,2),"Push","Pull","Legs","Push","Pull","Legs","Rest") -> Pull | D85: =VLOOKUP(C85,'Plan (PPL Template)'!A4:C7,2,FALSE()) -> 1. Pull-Ups (weighted/assisted) - 4xMax 2. Wide Grip Lat Pulldown - 4-5x8-15 3. Seated Cable Row (close grip) - 4x10 4. Face Pulls - 4x20 (NON-NEGOTIABLE) 5. Barbell Curl - 4x8-15 6. Reverse Barbell Curl / Wrist Curl - 3x12-20 | E85: =VLOOKUP(C85,'Plan (PPL Template)'!A4:C7,3,FALSE()) -> Lat Width, Back Thickness, Rear Delts/Posture, Biceps, Forearms
A86: 46270 | B86: =TEXT(A86,"DDDD") -> Saturday | C86: =CHOOSE(WEEKDAY(A86,2),"Push","Pull","Legs","Push","Pull","Legs","Rest") -> Legs | D86: =VLOOKUP(C86,'Plan (PPL Template)'!A4:C7,2,FALSE()) -> 1. Barbell Squat - 4x10 2. Leg Press - 4x12 3. Romanian Deadlift - 4x10 4. Standing Calf Raise - 3x20 5. Seated DB Shoulder Press - 4x10 6. Cable Lateral Raise + Reverse Pec Deck - 4x15-20 (NON-NEGOTIABLE) 7. Hanging Leg Raise + Plank - 3x12 / 45s | E86: =VLOOKUP(C86,'Plan (PPL Template)'!A4:C7,3,FALSE()) -> Quads, Hamstrings, Calves, Shoulders (medial+posterior delt), Core
A87: 46271 | B87: =TEXT(A87,"DDDD") -> Sunday | C87: =CHOOSE(WEEKDAY(A87,2),"Push","Pull","Legs","Push","Pull","Legs","Rest") -> Rest | D87: =VLOOKUP(C87,'Plan (PPL Template)'!A4:C7,2,FALSE()) -> Rest Day - Recovery, mobility, sleep, magnesium at night | E87: =VLOOKUP(C87,'Plan (PPL Template)'!A4:C7,3,FALSE()) -> Recovery
A88: 46272 | B88: =TEXT(A88,"DDDD") -> Monday | C88: =CHOOSE(WEEKDAY(A88,2),"Push","Pull","Legs","Push","Pull","Legs","Rest") -> Push | D88: =VLOOKUP(C88,'Plan (PPL Template)'!A4:C7,2,FALSE()) -> 1. Incline Barbell Press - 4x8-10 2. Incline DB Press - 4x10 3. Low-to-High Cable Crossover - 4x15 4. Close Grip Bench Press - 4x8-10 5. Overhead Cable Tricep Extension - 4x10-12 6. Rope Pushdown - 4x12-15 | E88: =VLOOKUP(C88,'Plan (PPL Template)'!A4:C7,3,FALSE()) -> Upper Chest (priority), Triceps - long head + lateral head
A89: 46273 | B89: =TEXT(A89,"DDDD") -> Tuesday | C89: =CHOOSE(WEEKDAY(A89,2),"Push","Pull","Legs","Push","Pull","Legs","Rest") -> Pull | D89: =VLOOKUP(C89,'Plan (PPL Template)'!A4:C7,2,FALSE()) -> 1. Pull-Ups (weighted/assisted) - 4xMax 2. Wide Grip Lat Pulldown - 4-5x8-15 3. Seated Cable Row (close grip) - 4x10 4. Face Pulls - 4x20 (NON-NEGOTIABLE) 5. Barbell Curl - 4x8-15 6. Reverse Barbell Curl / Wrist Curl - 3x12-20 | E89: =VLOOKUP(C89,'Plan (PPL Template)'!A4:C7,3,FALSE()) -> Lat Width, Back Thickness, Rear Delts/Posture, Biceps, Forearms
A90: 46274 | B90: =TEXT(A90,"DDDD") -> Wednesday | C90: =CHOOSE(WEEKDAY(A90,2),"Push","Pull","Legs","Push","Pull","Legs","Rest") -> Legs | D90: =VLOOKUP(C90,'Plan (PPL Template)'!A4:C7,2,FALSE()) -> 1. Barbell Squat - 4x10 2. Leg Press - 4x12 3. Romanian Deadlift - 4x10 4. Standing Calf Raise - 3x20 5. Seated DB Shoulder Press - 4x10 6. Cable Lateral Raise + Reverse Pec Deck - 4x15-20 (NON-NEGOTIABLE) 7. Hanging Leg Raise + Plank - 3x12 / 45s | E90: =VLOOKUP(C90,'Plan (PPL Template)'!A4:C7,3,FALSE()) -> Quads, Hamstrings, Calves, Shoulders (medial+posterior delt), Core
A91: 46275 | B91: =TEXT(A91,"DDDD") -> Thursday | C91: =CHOOSE(WEEKDAY(A91,2),"Push","Pull","Legs","Push","Pull","Legs","Rest") -> Push | D91: =VLOOKUP(C91,'Plan (PPL Template)'!A4:C7,2,FALSE()) -> 1. Incline Barbell Press - 4x8-10 2. Incline DB Press - 4x10 3. Low-to-High Cable Crossover - 4x15 4. Close Grip Bench Press - 4x8-10 5. Overhead Cable Tricep Extension - 4x10-12 6. Rope Pushdown - 4x12-15 | E91: =VLOOKUP(C91,'Plan (PPL Template)'!A4:C7,3,FALSE()) -> Upper Chest (priority), Triceps - long head + lateral head
A92: 46276 | B92: =TEXT(A92,"DDDD") -> Friday | C92: =CHOOSE(WEEKDAY(A92,2),"Push","Pull","Legs","Push","Pull","Legs","Rest") -> Pull | D92: =VLOOKUP(C92,'Plan (PPL Template)'!A4:C7,2,FALSE()) -> 1. Pull-Ups (weighted/assisted) - 4xMax 2. Wide Grip Lat Pulldown - 4-5x8-15 3. Seated Cable Row (close grip) - 4x10 4. Face Pulls - 4x20 (NON-NEGOTIABLE) 5. Barbell Curl - 4x8-15 6. Reverse Barbell Curl / Wrist Curl - 3x12-20 | E92: =VLOOKUP(C92,'Plan (PPL Template)'!A4:C7,3,FALSE()) -> Lat Width, Back Thickness, Rear Delts/Posture, Biceps, Forearms
A93: 46277 | B93: =TEXT(A93,"DDDD") -> Saturday | C93: =CHOOSE(WEEKDAY(A93,2),"Push","Pull","Legs","Push","Pull","Legs","Rest") -> Legs | D93: =VLOOKUP(C93,'Plan (PPL Template)'!A4:C7,2,FALSE()) -> 1. Barbell Squat - 4x10 2. Leg Press - 4x12 3. Romanian Deadlift - 4x10 4. Standing Calf Raise - 3x20 5. Seated DB Shoulder Press - 4x10 6. Cable Lateral Raise + Reverse Pec Deck - 4x15-20 (NON-NEGOTIABLE) 7. Hanging Leg Raise + Plank - 3x12 / 45s | E93: =VLOOKUP(C93,'Plan (PPL Template)'!A4:C7,3,FALSE()) -> Quads, Hamstrings, Calves, Shoulders (medial+posterior delt), Core
A94: 46278 | B94: =TEXT(A94,"DDDD") -> Sunday | C94: =CHOOSE(WEEKDAY(A94,2),"Push","Pull","Legs","Push","Pull","Legs","Rest") -> Rest | D94: =VLOOKUP(C94,'Plan (PPL Template)'!A4:C7,2,FALSE()) -> Rest Day - Recovery, mobility, sleep, magnesium at night | E94: =VLOOKUP(C94,'Plan (PPL Template)'!A4:C7,3,FALSE()) -> Recovery
A95: 46279 | B95: =TEXT(A95,"DDDD") -> Monday | C95: =CHOOSE(WEEKDAY(A95,2),"Push","Pull","Legs","Push","Pull","Legs","Rest") -> Push | D95: =VLOOKUP(C95,'Plan (PPL Template)'!A4:C7,2,FALSE()) -> 1. Incline Barbell Press - 4x8-10 2. Incline DB Press - 4x10 3. Low-to-High Cable Crossover - 4x15 4. Close Grip Bench Press - 4x8-10 5. Overhead Cable Tricep Extension - 4x10-12 6. Rope Pushdown - 4x12-15 | E95: =VLOOKUP(C95,'Plan (PPL Template)'!A4:C7,3,FALSE()) -> Upper Chest (priority), Triceps - long head + lateral head
A96: 46280 | B96: =TEXT(A96,"DDDD") -> Tuesday | C96: =CHOOSE(WEEKDAY(A96,2),"Push","Pull","Legs","Push","Pull","Legs","Rest") -> Pull | D96: =VLOOKUP(C96,'Plan (PPL Template)'!A4:C7,2,FALSE()) -> 1. Pull-Ups (weighted/assisted) - 4xMax 2. Wide Grip Lat Pulldown - 4-5x8-15 3. Seated Cable Row (close grip) - 4x10 4. Face Pulls - 4x20 (NON-NEGOTIABLE) 5. Barbell Curl - 4x8-15 6. Reverse Barbell Curl / Wrist Curl - 3x12-20 | E96: =VLOOKUP(C96,'Plan (PPL Template)'!A4:C7,3,FALSE()) -> Lat Width, Back Thickness, Rear Delts/Posture, Biceps, Forearms
A97: 46281 | B97: =TEXT(A97,"DDDD") -> Wednesday | C97: =CHOOSE(WEEKDAY(A97,2),"Push","Pull","Legs","Push","Pull","Legs","Rest") -> Legs | D97: =VLOOKUP(C97,'Plan (PPL Template)'!A4:C7,2,FALSE()) -> 1. Barbell Squat - 4x10 2. Leg Press - 4x12 3. Romanian Deadlift - 4x10 4. Standing Calf Raise - 3x20 5. Seated DB Shoulder Press - 4x10 6. Cable Lateral Raise + Reverse Pec Deck - 4x15-20 (NON-NEGOTIABLE) 7. Hanging Leg Raise + Plank - 3x12 / 45s | E97: =VLOOKUP(C97,'Plan (PPL Template)'!A4:C7,3,FALSE()) -> Quads, Hamstrings, Calves, Shoulders (medial+posterior delt), Core
A98: 46282 | B98: =TEXT(A98,"DDDD") -> Thursday | C98: =CHOOSE(WEEKDAY(A98,2),"Push","Pull","Legs","Push","Pull","Legs","Rest") -> Push | D98: =VLOOKUP(C98,'Plan (PPL Template)'!A4:C7,2,FALSE()) -> 1. Incline Barbell Press - 4x8-10 2. Incline DB Press - 4x10 3. Low-to-High Cable Crossover - 4x15 4. Close Grip Bench Press - 4x8-10 5. Overhead Cable Tricep Extension - 4x10-12 6. Rope Pushdown - 4x12-15 | E98: =VLOOKUP(C98,'Plan (PPL Template)'!A4:C7,3,FALSE()) -> Upper Chest (priority), Triceps - long head + lateral head
A99: 46283 | B99: =TEXT(A99,"DDDD") -> Friday | C99: =CHOOSE(WEEKDAY(A99,2),"Push","Pull","Legs","Push","Pull","Legs","Rest") -> Pull | D99: =VLOOKUP(C99,'Plan (PPL Template)'!A4:C7,2,FALSE()) -> 1. Pull-Ups (weighted/assisted) - 4xMax 2. Wide Grip Lat Pulldown - 4-5x8-15 3. Seated Cable Row (close grip) - 4x10 4. Face Pulls - 4x20 (NON-NEGOTIABLE) 5. Barbell Curl - 4x8-15 6. Reverse Barbell Curl / Wrist Curl - 3x12-20 | E99: =VLOOKUP(C99,'Plan (PPL Template)'!A4:C7,3,FALSE()) -> Lat Width, Back Thickness, Rear Delts/Posture, Biceps, Forearms
A100: 46284 | B100: =TEXT(A100,"DDDD") -> Saturday | C100: =CHOOSE(WEEKDAY(A100,2),"Push","Pull","Legs","Push","Pull","Legs","Rest") -> Legs | D100: =VLOOKUP(C100,'Plan (PPL Template)'!A4:C7,2,FALSE()) -> 1. Barbell Squat - 4x10 2. Leg Press - 4x12 3. Romanian Deadlift - 4x10 4. Standing Calf Raise - 3x20 5. Seated DB Shoulder Press - 4x10 6. Cable Lateral Raise + Reverse Pec Deck - 4x15-20 (NON-NEGOTIABLE) 7. Hanging Leg Raise + Plank - 3x12 / 45s | E100: =VLOOKUP(C100,'Plan (PPL Template)'!A4:C7,3,FALSE()) -> Quads, Hamstrings, Calves, Shoulders (medial+posterior delt), Core
A101: 46285 | B101: =TEXT(A101,"DDDD") -> Sunday | C101: =CHOOSE(WEEKDAY(A101,2),"Push","Pull","Legs","Push","Pull","Legs","Rest") -> Rest | D101: =VLOOKUP(C101,'Plan (PPL Template)'!A4:C7,2,FALSE()) -> Rest Day - Recovery, mobility, sleep, magnesium at night | E101: =VLOOKUP(C101,'Plan (PPL Template)'!A4:C7,3,FALSE()) -> Recovery
...
